22200251,"Smith, William",soft
22200252,"Johnson, Samantha",soft
22200253,"Brown, Daniel",soft
22200254,"Lee, Olivia",sist
22200255,"Wilson, Benjamin",sist
22200256,"Martinez, Jessica",sist
22200257,"Taylor, Christopher",sist
22200258,"Garcia, Victoria",sist
22200259,"Davis, Nicholas",sist
22200260,"Anderson, Amanda",soft
22200261,"Miller, Richard",soft
22200262,"Moore, Emily",sist
22200263,"Jackson, Noah",sist
22200264,"White, Sophia",soft
22200265,"Lopez, David",sist
22200266,"Harris, Madison",soft
22200267,"Clark, Jacob",sist
22200268,"Thomas, Emma",sist
22200269,"Young, Christopher",soft
22200270,"Allen, Sarah",sist
22200271,"Hall, Nathan",soft
22200272,"Walker, Jennifer",soft
22200273,"Lewis, Alexander",soft
22200274,"King, Isabella",sist
22200275,"Wright, Ethan",sist
22200276,"Scott, Ava",sist
22200277,"Green, Andrew",soft
22200278,"Adams, Lily",sist
22200279,"Baker, William",sist
22200280,"Evans, Natalie",sist
22200281,"Gonzalez, Isaac",sist
22200282,"Nelson, Grace",soft
22200283,"Hill, Christopher",sist
22200284,"Ramirez, Olivia",soft
22200285,"Murphy, Samuel",sist
22200286,"Perez, Emily",sist
22200287,"Roberts, Matthew",soft
22200288,"Turner, Lily",sist
22200289,"Phillips, Caleb",sist
22200290,"Campbell, Abigail",soft
22200291,"Parker, Nathan",sist
22200292,"Edwards, Ella",sist
22200293,"Stewart, Noah",sist
22200294,"Flores, Olivia",sist
22200295,"Morris, Henry",sist
22200296,"Nguyen, Mia",sist
22200297,"Rogers, Ethan",sist
22200298,"Gomez, Sofia",sist
22200299,"Diaz, Alexander",soft
22200300,"Reyes, Amelia",soft
22200301,"Rivera, Christopher",sist
22200302,"Ward, Mia",soft
22200303,"Torres, Ethan",sist
22200304,"Peterson, Olivia",sist
22200305,"Gray, Jacob",sist
22200306,"Howard, Emily",soft
22200307,"Sanchez, Alexander",sist
22200308,"James, Natalie",sist
22200309,"Collins, Noah",sist
22200310,"Bennett, Ava",soft
22200311,"Butler, Isaac",sist
22200312,"Barnes, Lily",sist
22200313,"Fisher, Benjamin",sist
22200314,"Harrison, Isabella",sist
22200315,"Kennedy, Caleb",sist
22200316,"Morgan, Emma",soft
22200317,"Miller, William",sist
22200318,"Wilson, Samantha",sist
22200319,"Johnson, Daniel",sist
22200320,"Smith, Olivia",sist
22200321,"Brown, Christopher",soft
22200322,"Davis, Emily",soft
22200323,"Lee, Samuel",sist
22200324,"Taylor, Jennifer",sist
22200325,"Martinez, William",sist
22200326,"Garcia, Jessica",sist
22200327,"Anderson, James",soft
22200328,"Moore, Emily",soft
22200329,"Jackson, Joseph",sist
22200330,"White, Sophia",sist
22200331,"Lopez, Christopher",soft
22200332,"Harris, Patricia",sist
22200333,"Clark, Lisa",sist
22200334,"Thomas, Matthew",sist
22200335,"Young, Angela",sist
22200336,"Allen, Brian",sist
22200337,"Walker, Elizabeth",sist
22200338,"Hall, Andrew",soft
22200339,"Lewis, Linda",sist
22200340,"Wright, Joseph",sist
22200341,"Scott, Kimberly",sist
22200342,"Green, Charles",soft
22200343,"Adams, Amanda",sist
22200344,"Baker, Benjamin",sist
22200345,"Evans, Stephanie",sist
22200346,"Gonzalez, Richard",sist
22200347,"Nelson, Michelle",soft
22200348,"Hill, Timothy",sist
22200349,"Ramirez, Jessica",soft
22200350,"Murphy, Steven",sist
22200351,"Smith, Samuel",soft
22200352,"Johnson, Lily",soft
22200353,"Brown, Caleb",soft
22200354,"Lee, Mia",sist
22200355,"Wilson, Henry",sist
22200356,"Martinez, Ella",sist
22200357,"Taylor, Ethan",sist
22200358,"Garcia, Grace",sist
22200359,"Davis, Isaac",sist
22200360,"Anderson, Amelia",soft
22200361,"Miller, Alexander",soft
22200362,"Moore, Mia",sist
22200363,"Jackson, Ethan",sist
22200364,"White, Natalie",soft
22200365,"Lopez, Daniel",sist
22200366,"Harris, Ava",soft
22200367,"Clark, Noah",sist
22200368,"Thomas, Sophia",sist
22200369,"Young, Benjamin",soft
22200370,"Allen, Emily",sist
22200371,"Hall, Samuel",soft
22200372,"Walker, Olivia",soft
22200373,"Lewis, Noah",soft
22200374,"King, Emma",sist
22200375,"Wright, William",sist
22200376,"Scott, Sofia",sist
22200377,"Green, Daniel",soft
22200378,"Adams, Ava",sist
22200379,"Baker, Samuel",sist
22200380,"Evans, Mia",sist
22200381,"Gonzalez, Benjamin",sist
22200382,"Nelson, Natalie",soft
22200383,"Hill, Noah",sist
22200384,"Ramirez, Olivia",soft
22200385,"Murphy, Benjamin",sist
22200386,"Perez, Ella",sist
22200387,"Roberts, Alexander",soft
22200388,"Turner, Mia",sist
22200389,"Phillips, Noah",sist
22200390,"Campbell, Ava",soft
22200391,"Parker, Samuel",sist
22200392,"Edwards, Emma",sist
22200393,"Stewart, Noah",sist
22200394,"Flores, Isabella",sist
22200395,"Morris, Caleb",sist
22200396,"Nguyen, Emily",sist
22200397,"Rogers, Ethan",sist
22200398,"Gomez, Sofia",sist
22200399,"Diaz, Alexander",soft
22200400,"Reyes, Amelia",soft
22200401,"Rivera, Samuel",sist
22200402,"Ward, Mia",soft
22200403,"Torres, Ethan",sist
22200404,"Peterson, Olivia",sist
22200405,"Gray, Benjamin",sist
22200406,"Howard, Emma",soft
22200407,"Sanchez, Alexander",sist
22200408,"James, Natalie",sist
22200409,"Collins, Noah",sist
22200410,"Bennett, Ava",soft
22200411,"Butler, Isaac",sist
22200412,"Barnes, Lily",sist
22200413,"Fisher, Benjamin",sist
22200414,"Harrison, Isabella",sist
22200415,"Kennedy, Caleb",sist
22200416,"Morgan, Emma",soft
22200417,"Miller, William",sist
22200418,"Wilson, Samantha",sist
22200419,"Johnson, Daniel",sist
22200420,"Smith, Olivia",sist
22200421,"Brown, Christopher",soft
22200422,"Davis, Emily",soft
22200423,"Lee, Samuel",sist
22200424,"Taylor, Jennifer",sist
22200425,"Martinez, William",sist
22200426,"Garcia, Jessica",sist
22200427,"Anderson, James",soft
22200428,"Moore, Emily",soft
22200429,"Jackson, Joseph",sist
22200430,"White, Sophia",sist
22200431,"Wilson, Elijah",soft
22200432,"Johnson, Grace",soft
22200433,"Brown, Samuel",soft
22200434,"Lee, Lily",sist
22200435,"Smith, Oliver",sist
22200436,"Davis, Mia",sist
22200437,"Taylor, Emma",sist
22200438,"Garcia, Ethan",sist
22200439,"Martinez, Isabella",sist
22200440,"Anderson, Olivia",soft
22200441,"Miller, Daniel",soft
22200442,"Moore, Emily",sist
22200443,"Jackson, Ethan",sist
22200444,"White, Samantha",soft
22200445,"Lopez, Elijah",sist
22200446,"Harris, Grace",soft
22200447,"Clark, Oliver",sist
22200448,"Thomas, Mia",sist
22200449,"Young, Elijah",soft
22200450,"Allen, Grace",sist
22200451,"Hall, Daniel",soft
22200452,"Walker, Olivia",soft
22200453,"Lewis, Samuel",soft
22200454,"King, Isabella",sist
22200455,"Wright, Elijah",sist
22200456,"Scott, Emma",sist
22200457,"Green, Samuel",soft
22200458,"Adams, Ava",sist
22200459,"Baker, Ethan",sist
22200460,"Evans, Mia",sist
22200461,"Gonzalez, Daniel",sist
22200462,"Nelson, Isabella",soft
22200463,"Hill, Oliver",sist
22200464,"Ramirez, Olivia",soft
22200465,"Murphy, Elijah",sist
22200466,"Perez, Emma",sist
22200467,"Roberts, Daniel",soft
22200468,"Turner, Mia",sist
22200469,"Phillips, Samuel",sist
22200470,"Campbell, Grace",soft
22200471,"Parker, Daniel",sist
22200472,"Edwards, Emily",sist
22200473,"Stewart, Samuel",sist
22200474,"Flores, Isabella",sist
22200475,"Morris, Samuel",sist
22200476,"Nguyen, Oliver",sist
22200477,"Rogers, Emma",sist
22200478,"Gomez, Mia",sist
22200479,"Diaz, Daniel",soft
22200480,"Reyes, Ava",soft
22200481,"Rivera, Samuel",sist
22200482,"Ward, Olivia",soft
22200483,"Torres, Ethan",sist
22200484,"Peterson, Daniel",sist
22200485,"Gray, Elijah",sist
22200486,"Howard, Emily",soft
22200487,"Sanchez, Samuel",sist
22200488,"James, Ava",sist
22200489,"Collins, Oliver",sist
22200490,"Bennett, Grace",soft
22200491,"Butler, Daniel",sist
22200492,"Barnes, Olivia",sist
22200493,"Fisher, Samuel",sist
22200494,"Harrison, Isabella",sist
22200495,"Kennedy, Elijah",sist
22200496,"Morgan, Emily",soft
22200497,"Miller, Daniel",sist
22200498,"Wilson, Samantha",sist
22200499,"Johnson, Daniel",sist
22200500,"Smith, Olivia",sist